Part number,Part ID,Label,Assembly,Material,Solid count,Volume mm3,X mm,Y mm,Z mm,Fidelity
3DS-0001,BackCover,3DS-0001 · Removable lower rear cover009,Body,accent,1,9623.953950839961,132.8,72.8,1.0,Published envelope; approximate local detail
3DS-0002,MainFrame,3DS-0002 · Lower structural side frame021,Body,accent,1,5491.860904541737,134.0000002,74.0000002,9.900000200000006,Published envelope; approximate local detail
3DS-0003,FrontDeck,3DS-0003 · Control deck017,Body,accent,1,4296.373549047132,133.6000002,68.52690086060862,1.000000200000196,Published envelope; approximate local detail
3DS-0004,LowerCaseSeam,3DS-0004 · Lower case parting line003,Body,black,2,14.223041564596292,133.85000019999998,73.85,0.03000020662936187,Published envelope; approximate local detail
3DS-0005,LidBackCover,3DS-0005 · Upper outer cover003,Lid,accent,1,8227.090854024247,133.6,64.7831232572442,24.424851907142752,Published envelope; approximate local detail
3DS-0006,LidFrame,3DS-0006 · Upper display frame004,Lid,accent,1,2655.0588652020606,133.35000019999998,64.34074264348658,29.855009688797697,Published envelope; approximate local detail
3DS-0007,LidBezel,3DS-0007 · Black upper display bezel011,Lid,bezel,1,1269.1950556002362,132.70000019999998,61.738737985594874,22.678386655348355,Published envelope; approximate local detail
3DS-0008,LeftHingeSleeve,3DS-0008 · Hinge knuckle,Hinge,accent,1,180.7747811099253,9.0,5.799999999999997,5.800000000000001,Published envelope; approximate local detail
3DS-0009,CenterHingeSleeve,3DS-0009 · Hinge knuckle001,Hinge,accent,1,2048.7808525791534,102.0,5.799999999999997,5.800000000000001,Published envelope; approximate local detail
3DS-0010,RightHingeSleeve,3DS-0010 · Hinge knuckle002,Hinge,accent,1,180.7747811099253,9.0,5.799999999999997,5.800000000000001,Published envelope; approximate local detail
3DS-0011,HingeAxle,3DS-0011 · Split hinge axle pair around flex conduit,Hinge,metal,2,593.9193477982119,127.5,2.6400000000000006,2.6400000000000006,Schematic internal layout
3DS-0012,HingeWasher-1,3DS-0012 · Hinge end bearing washer,Hinge,black,1,7.613712627827944,0.45000000000000284,5.400000000000002,5.400000000000002,Published envelope; approximate local detail
3DS-0013,HingeWasher1,3DS-0013 · Hinge end bearing washer001,Hinge,black,1,7.613712627827942,0.45000000000000284,5.400000000000002,5.400000000000002,Published envelope; approximate local detail
3DS-0014,LowerDisplaySurround,3DS-0014 · Lower touch-panel frame,Display,bezel,1,552.2291148575123,71.53999999999999,55.18,0.5,Published envelope; approximate local detail
3DS-0015,LowerLCD,3DS-0015 · LCD module,Display,black,1,9126.538500532011,67.44,51.08,2.6500000000000004,Schematic internal layout
3DS-0016,LowerLCDBackplate,3DS-0016 · LCD metal backplate,Display,metal,1,826.5544302368617,67.44,51.08,0.2400000000000002,Schematic internal layout
3DS-0017,LowerTouchDigitizer,3DS-0017 · Resistive touch layer,Display,screen,1,212.33519143760225,61.44,46.08,0.07499999999999929,Published envelope; approximate local detail
3DS-0018,LowerGlass,3DS-0018 · Lower screen cover,Display,screen,1,353.89198572933816,61.44,46.08,0.125,Published envelope; approximate local detail
3DS-0019,UpperLCD,3DS-0019 · LCD module001,LidDisplay,black,1,11205.698820532012,82.8,48.905852449557216,19.960574366157818,Schematic internal layout
3DS-0020,UpperLCDBackplate,3DS-0020 · LCD metal backplate001,LidDisplay,metal,1,1014.8557422368604,82.8,48.081583904142356,17.69591515006378,Schematic internal layout
3DS-0021,ParallaxBarrier,3DS-0021 · 3D parallax film layout,LidDisplay,screen,1,141.5563865482453,76.8,43.31471677154769,15.797875909278261,Schematic internal layout
3DS-0022,UpperGlass,3DS-0022 · Upper display window,LidDisplay,screen,1,583.9200945115122,76.8,43.3574692894634,15.915337486876496,Published envelope; approximate local detail
3DS-0023,CirclePadBezel,3DS-0023 · Circle Pad black annular surround,Controls,black,1,54.07819784164958,18.0,18.0,0.5500000000000007,Published envelope; approximate local detail
3DS-0024,CirclePadCap,3DS-0024 · Circle Pad rubber cap,Controls,white,1,116.78396404400506,13.700000100000004,13.700000100000002,0.8000000000000007,Published envelope; approximate local detail
3DS-0025,CirclePadStem,3DS-0025 · Circle Pad transmission stem,Controls,black,1,46.53327038497201,4.599999999999994,4.600000000000001,2.8000000000000007,Schematic internal layout
3DS-0026,DPad,3DS-0026 · Directional cross,Controls,black,1,242.54823639881084,17.0,17.0,1.4499999999999993,Published envelope; approximate local detail
3DS-0027,DPadMark0,3DS-0027 · Directional key tick,Controls,rubber,1,0.015741111473693812,0.4000000000000057,2.1999999999999993,0.018000000000000682,Published envelope; approximate local detail
3DS-0028,DPadMark1,3DS-0028 · Directional key tick001,Controls,rubber,1,0.01574111147369374,2.200000000000003,0.40000000000000213,0.018000000000000682,Published envelope; approximate local detail
3DS-0029,DPadMark2,3DS-0029 · Directional key tick002,Controls,rubber,1,0.015741111473693815,0.4000000000000057,2.200000000000003,0.018000000000000682,Published envelope; approximate local detail
3DS-0030,DPadMark3,3DS-0030 · Directional key tick003,Controls,rubber,1,0.01574111147369374,2.200000000000003,0.40000000000000213,0.018000000000000682,Published envelope; approximate local detail
3DS-0031,ButtonX,3DS-0031 · X button,Controls,black,1,45.901299181546165,6.600000199999997,6.6000002,1.350000099999999,Published envelope; approximate local detail
3DS-0032,ButtonMarkX,3DS-0032 · X,Controls,white,1,0.02232897846123498,1.8092491610738293,2.1140939597315445,0.018000000000000682,Published envelope; approximate local detail
3DS-0033,ButtonStemX,3DS-0033 · Face key plunger,Controls,black,1,15.085927922538183,2.799999999999997,2.8000000000000007,2.450000000000001,Schematic internal layout
3DS-0034,ButtonA,3DS-0034 · A button,Controls,black,1,45.90129918154616,6.600000199999997,6.6000002,1.350000099999999,Published envelope; approximate local detail
3DS-0035,ButtonMarkA,3DS-0035 · A,Controls,white,1,0.024445060921119442,1.9366610738255048,2.1140939597315445,0.018000000000000682,Published envelope; approximate local detail
3DS-0036,ButtonStemA,3DS-0036 · Face key plunger001,Controls,black,1,15.085927922538183,2.799999999999997,2.8000000000000003,2.450000000000001,Schematic internal layout
3DS-0037,ButtonB,3DS-0037 · B button,Controls,black,1,45.90129918154616,6.600000199999997,6.6000002,1.350000099999999,Published envelope; approximate local detail
3DS-0038,ButtonMarkB,3DS-0038 · B,Controls,white,1,0.030789871385804253,1.4992137067114157,2.114094159731544,0.018000199999999467,Published envelope; approximate local detail
3DS-0039,ButtonStemB,3DS-0039 · Face key plunger002,Controls,black,1,15.085927922538183,2.799999999999997,2.7999999999999994,2.450000000000001,Schematic internal layout
3DS-0040,ButtonY,3DS-0040 · Y button,Controls,black,1,45.90129918154616,6.600000199999997,6.6000002,1.350000099999999,Published envelope; approximate local detail
3DS-0041,ButtonMarkY,3DS-0041 · Y,Controls,white,1,0.016696215777425045,1.7823510906040312,2.1140939597315445,0.018000000000000682,Published envelope; approximate local detail
3DS-0042,ButtonStemY,3DS-0042 · Face key plunger003,Controls,black,1,15.085927922538183,2.799999999999997,2.8000000000000003,2.450000000000001,Schematic internal layout
3DS-0043,MenuKey0,3DS-0043 · SELECT menu key,Controls,accent,1,51.90715038378978,16.0,3.700000000000003,0.8800000000000008,Published envelope; approximate local detail
3DS-0044,MenuLabel0,3DS-0044 · SELECT,Controls,white,6,0.048726456388859724,6.674781979194631,1.364295502013423,0.018000199999999467,Published envelope; approximate local detail
3DS-0045,MenuKey1,3DS-0045 · HOME menu key,Controls,accent,1,51.90715038378978,16.0,3.700000000000003,0.8800000000000008,Published envelope; approximate local detail
3DS-0046,MenuLabel1,3DS-0046 · HOME,Controls,white,4,0.04426236502916586,5.180822147651006,1.364295502013423,0.018000199999999467,Published envelope; approximate local detail
3DS-0047,MenuKey2,3DS-0047 · START menu key,Controls,accent,1,51.90715038378978,16.0,3.700000000000003,0.8800000000000008,Published envelope; approximate local detail
3DS-0048,MenuLabel2,3DS-0048 · START,Controls,white,5,0.04266415442055025,5.453305469127518,1.364295502013423,0.018000199999999467,Published envelope; approximate local detail
3DS-0049,PowerKey,3DS-0049 · Power key,Controls,black,1,21.137150263212348,4.700000000000003,4.399999999999999,1.0500000000000007,Published envelope; approximate local detail
3DS-0050,PowerLegend,3DS-0050 · POWER,Body,white,5,0.04015634876188058,5.53313778389262,1.1693961731543645,0.018000199999999467,Published envelope; approximate local detail
3DS-0051,ChargeJackShell,3DS-0051 · Proprietary charging socket,Ports,metal,1,79.32112787842311,8.25,5.0000000000000036,3.6500000000000012,Published envelope; approximate local detail
3DS-0052,ChargeJackTongue,3DS-0052 · Charging socket insulator,Ports,black,1,17.65008845396001,5.700000000000003,3.8999999999999986,0.8000000000000016,Published envelope; approximate local detail
3DS-0053,DockContact0,3DS-0053 · External charging contact,Ports,gold,1,1.3831858347057708,1.7000000000000028,0.25,3.3000000000000007,Published envelope; approximate local detail
3DS-0054,DockContact1,3DS-0054 · External charging contact001,Ports,gold,1,1.3831858347057708,1.7000000000000028,0.25,3.3000000000000007,Published envelope; approximate local detail
3DS-0055,GameCardCage,3DS-0055 · Game-card socket cage003,Ports,metal,1,998.0658473653773,35.0,24.00000010000001,3.1000000000000005,Schematic internal layout
3DS-0056,GameCardMouth,3DS-0056 · Black game-card lip001,Ports,black,1,13.791552202305615,34.8,0.240000000000002,4.200000000000001,Published envelope; approximate local detail
3DS-0057,CardContact0,3DS-0057 · Game-card gold contact,Ports,gold,1,0.29696909733552923,0.5500000000000007,6.0,0.08999999999999986,Schematic internal layout
3DS-0058,CardContact1,3DS-0058 · Game-card gold contact001,Ports,gold,1,0.29696909733552923,0.5500000000000007,6.0,0.08999999999999986,Schematic internal layout
3DS-0059,CardContact2,3DS-0059 · Game-card gold contact002,Ports,gold,1,0.29696909733552923,0.5500000000000007,6.0,0.08999999999999986,Schematic internal layout
3DS-0060,CardContact3,3DS-0060 · Game-card gold contact003,Ports,gold,1,0.29696909733552923,0.5500000000000007,6.0,0.08999999999999986,Schematic internal layout
3DS-0061,CardContact4,3DS-0061 · Game-card gold contact004,Ports,gold,1,0.29696909733552923,0.5500000000000007,6.0,0.08999999999999986,Schematic internal layout
3DS-0062,CardContact5,3DS-0062 · Game-card gold contact005,Ports,gold,1,0.29696909733552923,0.5500000000000007,6.0,0.08999999999999986,Schematic internal layout
3DS-0063,CardContact6,3DS-0063 · Game-card gold contact006,Ports,gold,1,0.29696909733552906,0.5499999999999998,6.0,0.08999999999999986,Schematic internal layout
3DS-0064,CardContact7,3DS-0064 · Game-card gold contact007,Ports,gold,1,0.29696909733552906,0.5499999999999998,6.0,0.08999999999999986,Schematic internal layout
3DS-0065,CardContact8,3DS-0065 · Game-card gold contact008,Ports,gold,1,0.2969690973355291,0.55,6.0,0.08999999999999986,Schematic internal layout
3DS-0066,CardContact9,3DS-0066 · Game-card gold contact009,Ports,gold,1,0.29696909733552906,0.5499999999999998,6.0,0.08999999999999986,Schematic internal layout
3DS-0067,CardContact10,3DS-0067 · Game-card gold contact010,Ports,gold,1,0.29696909733552906,0.5499999999999998,6.0,0.08999999999999986,Schematic internal layout
3DS-0068,CardContact11,3DS-0068 · Game-card gold contact011,Ports,gold,1,0.29696909733552923,0.5500000000000007,6.0,0.08999999999999986,Schematic internal layout
3DS-0069,CardContact12,3DS-0069 · Game-card gold contact012,Ports,gold,1,0.29696909733552923,0.5500000000000007,6.0,0.08999999999999986,Schematic internal layout
3DS-0070,CardContact13,3DS-0070 · Game-card gold contact013,Ports,gold,1,0.29696909733552923,0.5500000000000007,6.0,0.08999999999999986,Schematic internal layout
3DS-0071,CardContact14,3DS-0071 · Game-card gold contact014,Ports,gold,1,0.29696909733552923,0.5500000000000007,6.0,0.08999999999999986,Schematic internal layout
3DS-0072,CardContact15,3DS-0072 · Game-card gold contact015,Ports,gold,1,0.29696909733552923,0.5500000000000007,6.0,0.08999999999999986,Schematic internal layout
3DS-0073,CardContact16,3DS-0073 · Game-card gold contact016,Ports,gold,1,0.29696909733552923,0.5500000000000007,6.0,0.08999999999999986,Schematic internal layout
3DS-0074,IRWindow,3DS-0074 · Infrared window,Ports,screen,1,11.776389342116918,8.5,0.3999999999999986,3.499999999999999,Published envelope; approximate local detail
3DS-0075,StylusEntrance,3DS-0075 · Stylus slot mouth,Ports,black,1,6.571897672044492,4.240000000000002,1.0,4.239999999999999,Published envelope; approximate local detail
3DS-0076,HeadphoneSocket,3DS-0076 · 3.5 mm audio socket,Ports,metal,1,37.193189762143405,4.6,5.399999999999999,4.6000000000000005,Published envelope; approximate local detail
3DS-0077,HeadphoneInsulator,3DS-0077 · Audio connector insulator,Ports,black,1,1.746411356130567,3.44,1.0,3.4399999999999995,Published envelope; approximate local detail
3DS-0078,StatusLED0,3DS-0078 · Status indicator window,Ports,blue,1,0.8652656606917094,2.5,0.3500000000000014,1.0,Published envelope; approximate local detail
3DS-0079,StatusLED1,3DS-0079 · Status indicator window001,Ports,red,1,0.8652656606917096,2.5,0.3500000000000014,1.0,Published envelope; approximate local detail
3DS-0080,SDDoor,3DS-0080 · SD card side door,Ports,accent,1,106.99304853211534,0.6500000000000057,29.0,5.699999999999999,Published envelope; approximate local detail
3DS-0081,VolumeSlider,3DS-0081 · Volume side slider,Controls,black,1,18.58453530019425,0.75,9.0,2.8000000000000007,Published envelope; approximate local detail
3DS-0082,WirelessSlider,3DS-0082 · Wireless side switch,Controls,black,1,14.38453530019425,0.75,7.0,2.8000000000000007,Published envelope; approximate local detail
3DS-0083,SpeakerFrame-1,3DS-0083 · Upper stereo speaker housing,LidInternal,metal,1,91.98583289710913,13.400000000000006,13.275921405182515,6.462455162135782,Schematic internal layout
3DS-0084,SpeakerMagnet-1,3DS-0084 · Speaker magnet,LidInternal,metal,1,68.04689687675491,7.599999999999994,7.654694132961403,4.008892020453949,Schematic internal layout
3DS-0085,SpeakerDiaphragm-1,3DS-0085 · Speaker diaphragm,LidInternal,black,1,9.331315579325024,10.900000000000006,10.276851580898963,3.821988824328379,Schematic internal layout
3DS-0086,SpeakerGasket-1,3DS-0086 · Speaker acoustic gasket001,LidInternal,rubber,1,37.30913509248825,14.200000000000003,13.463342265323888,5.185578452499566,Schematic internal layout
3DS-0087,SpeakerFrame1,3DS-0087 · Upper stereo speaker housing001,LidInternal,metal,1,91.98583289710913,13.400000000000006,13.275921405182515,6.462455162135782,Schematic internal layout
3DS-0088,SpeakerMagnet1,3DS-0088 · Speaker magnet001,LidInternal,metal,1,68.04689687675491,7.599999999999994,7.654694132961403,4.008892020453949,Schematic internal layout
3DS-0089,SpeakerDiaphragm1,3DS-0089 · Speaker diaphragm001,LidInternal,black,1,9.331315579325024,10.900000000000006,10.276851580898963,3.821988824328379,Schematic internal layout
3DS-0090,SpeakerGasket1,3DS-0090 · Speaker acoustic gasket003,LidInternal,rubber,1,37.30913509248824,14.200000000000003,13.463342265323888,5.185578452499566,Schematic internal layout
3DS-0091,InnerCameraRing,3DS-0091 · Inner camera ring,Lid,black,1,1.6408161438581033,4.24,4.076642150830168,1.703882415313032,Published envelope; approximate local detail
3DS-0092,InnerCameraLens,3DS-0092 · Inner camera glass,Lid,screen,1,1.0566746890349403,3.1,2.960929944501899,1.1918194112196048,Published envelope; approximate local detail
3DS-0093,OuterCameraRing-1,3DS-0093 · Outer stereo camera ring,Lid,black,1,1.9438604544086764,4.299999999999999,4.143284312377119,1.7525944025361468,Published envelope; approximate local detail
3DS-0094,OuterCameraLens-1,3DS-0094 · Outer stereo camera glass,Lid,screen,1,1.056674689034926,3.1000000000000014,2.960929944501899,1.1918194112195977,Published envelope; approximate local detail
3DS-0095,OuterCameraRing1,3DS-0095 · Outer stereo camera ring001,Lid,black,1,1.9438604544086768,4.299999999999999,4.143284312377119,1.7525944025361468,Published envelope; approximate local detail
3DS-0096,OuterCameraLens1,3DS-0096 · Outer stereo camera glass001,Lid,screen,1,1.056674689034926,3.1000000000000014,2.960929944501899,1.1918194112195977,Published envelope; approximate local detail
3DS-0097,DepthSliderTrack,3DS-0097 · 3D slider track001,Lid,black,1,6.429739779356607,2.3000000000002316,12.94903333629859,4.8924083401345655,Published envelope; approximate local detail
3DS-0098,DepthSlider,3DS-0098 · 3D depth thumb slider,Lid,metal,1,9.808902543893359,3.4000000000000057,4.544899148776871,2.1840928628089173,Published envelope; approximate local detail
3DS-0099,DepthLegend,3DS-0099 · 3D,Lid,white,2,0.022298129038915995,2.4551176496644374,1.3797475210172436,0.5168608901025422,Published envelope; approximate local detail
3DS-0100,DepthOffLegend,3DS-0100 · OFF,Lid,white,3,0.012912606241695497,2.3496645295302017,0.9218838682047945,0.3502121491264134,Published envelope; approximate local detail
3DS-0101,MicrophoneMesh,3DS-0101 · Microphone inlet mesh,Ports,black,1,0.08685875368645049,0.9599999999999937,0.9600000000000009,0.11999999999999922,Published envelope; approximate local detail
3DS-0102,RearSupportPlate,3DS-0102 · Rear support plate with battery opening011,Internal,metal,1,3577.971155664901,130.4,70.4,0.5,Schematic internal layout
3DS-0103,RearCoverScrew0,3DS-0103 · Cross-head fastener,Body,metal,1,4.855245943046851,2.480000000000004,2.479999999999997,3.13,Schematic internal layout
3DS-0104,RearCoverScrew1,3DS-0104 · Cross-head fastener001,Body,metal,1,4.85524594304685,2.480000000000004,2.479999999999997,3.13,Schematic internal layout
3DS-0105,RearCoverScrew2,3DS-0105 · Cross-head fastener002,Body,metal,1,4.855245943046851,2.480000000000004,2.479999999999997,3.13,Schematic internal layout
3DS-0106,RearCoverScrew3,3DS-0106 · Cross-head fastener003,Body,metal,1,4.855245943046851,2.480000000000004,2.479999999999997,3.13,Schematic internal layout
3DS-0107,RearPad0,3DS-0107 · Rear rubber contact pad,Body,black,1,2.0610497666566365,5.0,2.8000000000000043,0.15,Published envelope; approximate local detail
3DS-0108,RearPad1,3DS-0108 · Rear rubber contact pad001,Body,black,1,2.0610497666566365,5.0,2.8000000000000043,0.15,Published envelope; approximate local detail
3DS-0109,RearPad2,3DS-0109 · Rear rubber contact pad002,Body,black,1,2.061049766656636,5.0,2.8000000000000043,0.15,Published envelope; approximate local detail
3DS-0110,RearPad3,3DS-0110 · Rear rubber contact pad003,Body,black,1,2.061049766656636,5.0,2.8000000000000043,0.15,Published envelope; approximate local detail
3DS-0111,RearModelMark,3DS-0111 · CTR-001  /  CAD STUDY,Body,white,16,0.17795434793113096,24.58915278456376,1.7718121805369123,0.018000199999999997,Published envelope; approximate local detail
3DS-0112,Shoulder-1,3DS-0112 · L/R shoulder cap002,Controls,accent,1,376.13497385017763,17.700000200000005,7.000000200000002,4.0000002000013435,Published envelope; approximate local detail
3DS-0113,ShoulderPin-1,3DS-0113 · Shoulder pivot,Internal,metal,1,15.699166808518925,13.0,1.240000000000002,1.2399999999999984,Schematic internal layout
3DS-0114,ShoulderMark-1,3DS-0114 · L,Controls,white,1,0.012134858790144733,1.169043624161084,0.018000000000000682,1.8791946308724832,Published envelope; approximate local detail
3DS-0115,Shoulder1,3DS-0115 · L/R shoulder cap003,Controls,accent,1,376.13497385017763,17.700000200000005,7.000000200000002,4.000000200001347,Published envelope; approximate local detail
3DS-0116,ShoulderPin1,3DS-0116 · Shoulder pivot001,Internal,metal,1,15.699166808518925,13.0,1.240000000000002,1.2399999999999984,Schematic internal layout
3DS-0117,ShoulderMark1,3DS-0117 · R,Controls,white,1,0.02175568466792063,1.4635069114093966,0.01800020000000302,1.8791948308724828,Published envelope; approximate local detail
3DS-0118,StylusOuter,3DS-0118 · Telescoping stylus barrel,Accessories,metal,1,143.68293912678675,3.0,47.0,3.0,Published envelope; approximate local detail
3DS-0119,StylusInner,3DS-0119 · Telescoping inner rod,Accessories,metal,1,69.27211801165495,2.0999999999999943,20.0,2.0999999999999996,Published envelope; approximate local detail
3DS-0120,StylusGrip,3DS-0120 · Stylus cap,Accessories,black,1,45.396013844372526,3.4000000000000057,5.0,3.4000000000000004,Published envelope; approximate local detail
3DS-0121,StylusTip,3DS-0121 · Stylus tip,Accessories,black,1,7.902990479370484,3.0,3.0,3.0,Published envelope; approximate local detail
3DS-0122,BatteryPouch,3DS-0122 · CTR-003 battery pouch002,Battery,battery,1,1690.7772372119678,33.599999999999994,52.6,4.85,Schematic internal layout
3DS-0123,BatteryCell,3DS-0123 · Battery cell stack layout,Battery,rubber,1,6281.341011590431,32.0,51.0,3.85,Schematic internal layout
3DS-0124,BatteryTray,3DS-0124 · Battery locating tray001,Battery,black,1,61.98492298054605,35.0,54.0,0.25,Schematic internal layout
3DS-0125,BatteryConnector,3DS-0125 · Battery connector body,Battery,white,1,49.848663675999234,10.5,2.8000000000000043,1.7000000000000002,Schematic internal layout
3DS-0126,BatteryContact0,3DS-0126 · Battery terminal,Battery,gold,1,0.1359725309649146,0.8500000000000085,2.0,0.08000000000000007,Schematic internal layout
3DS-0127,BatteryContact1,3DS-0127 · Battery terminal001,Battery,gold,1,0.1359725309649146,0.8500000000000085,2.0,0.08000000000000007,Schematic internal layout
3DS-0128,BatteryContact2,3DS-0128 · Battery terminal002,Battery,gold,1,0.1359725309649146,0.8500000000000085,2.0,0.08000000000000007,Schematic internal layout
3DS-0129,BatteryType,3DS-0129 · CTR-003,Battery,white,7,0.14529911727496428,12.139060602684566,2.241342481879194,0.018000200000000133,Published envelope; approximate local detail
3DS-0130,BatteryCapacity,3DS-0130 · 1300 mAh  /  5 Wh,Battery,white,11,0.14362679767688882,20.038108321476514,1.8665772812080537,0.018000200000000133,Published envelope; approximate local detail
3DS-0131,BatteryStudy,3DS-0131 · LAYOUT STUDY,Battery,white,11,0.09863548065825618,13.822806208053699,1.4130203342281877,0.018000200000000133,Published envelope; approximate local detail
3DS-0132,RearRib0,3DS-0132 · Rear support rib,Internal,shell,1,35.06512720155209,2.0,27.0,0.6500000000000001,Schematic internal layout
3DS-0133,RearRib1,3DS-0133 · Rear support rib001,Internal,shell,1,25.965127201552093,2.0,20.0,0.6500000000000001,Schematic internal layout
3DS-0134,RearRib2,3DS-0134 · Rear support rib002,Internal,shell,1,63.340127201552086,65.0,1.5,0.6500000000000001,Schematic internal layout
3DS-0135,RearRib3,3DS-0135 · Rear support rib003,Internal,shell,1,26.29012720155209,1.5,27.0,0.6500000000000001,Schematic internal layout
3DS-0136,Mainboard,3DS-0136 · CTR mainboard outline study011,Mainboard,pcb,1,5060.873881200034,126.0,64.0,0.750000000000056,Schematic internal layout
3DS-0137,ARMPackage,3DS-0137 · ARM package,Mainboard,black,1,372.47907186507445,18.0,18.0,1.1500000000000004,Schematic internal layout
3DS-0138,RAMPackage,3DS-0138 · RAM package,Mainboard,black,1,168.8948451000648,13.0,13.0,1.0,Schematic internal layout
3DS-0139,NANDPackage,3DS-0139 · NAND package,Mainboard,black,1,186.10010284506154,14.0,14.0,0.9500000000000002,Schematic internal layout
3DS-0140,PMICPackage,3DS-0140 · PMIC package,Mainboard,black,1,51.1158760800518,8.0,8.0,0.7999999999999998,Schematic internal layout
3DS-0141,AudioICPackage,3DS-0141 · AudioIC package,Mainboard,black,1,19.431649315042094,5.0,6.0,0.6500000000000004,Schematic internal layout
3DS-0142,ARMLabel,3DS-0142 · ARM,Mainboard,white,3,0.07602731555138253,5.781430369127517,1.9731545624161066,0.018000200000000355,Published envelope; approximate local detail
3DS-0143,WiFiBoard,3DS-0143 · Removable Wi-Fi module PCB,Mainboard,pcb,1,179.7896902001295,20.0,18.0,0.5,Schematic internal layout
3DS-0144,WiFiShield,3DS-0144 · Wi-Fi module shield,Mainboard,metal,1,107.91878314009064,18.6,16.6,0.34999999999999964,Schematic internal layout
3DS-0145,IRBoard,3DS-0145 · Infrared daughterboard,Mainboard,pcb,1,26.93132741228718,9.0,6.0,0.5,Schematic internal layout
3DS-0146,IRReceiver,3DS-0146 · Infrared receiver,Mainboard,black,1,18.034329610071225,5.5,3.0,1.0999999999999996,Schematic internal layout
3DS-0147,SDReaderPCB,3DS-0147 · Removable SD-reader daughterboard,Mainboard,pcb,1,417.3476282401553,24.0,29.0,0.6000000000000001,Schematic internal layout
3DS-0148,SDReaderCage,3DS-0148 · SD card-reader metal cage,Mainboard,metal,1,438.2209256055535,22.0,26.0,2.3500000000000005,Schematic internal layout
3DS-0149,SDCard,3DS-0149 · SD memory-card study,Mainboard,blue,1,607.9310563750809,20.700000000000003,23.5,1.25,Schematic internal layout
3DS-0150,SDContact0,3DS-0150 · SD-reader terminal,Mainboard,gold,1,0.1923725309649155,0.6500000000000057,3.7,0.08000000000000007,Schematic internal layout
3DS-0151,SDContact1,3DS-0151 · SD-reader terminal001,Mainboard,gold,1,0.19237253096491552,0.6500000000000057,3.7,0.08000000000000007,Schematic internal layout
3DS-0152,SDContact2,3DS-0152 · SD-reader terminal002,Mainboard,gold,1,0.19237253096491552,0.6500000000000057,3.7,0.08000000000000007,Schematic internal layout
3DS-0153,SDContact3,3DS-0153 · SD-reader terminal003,Mainboard,gold,1,0.19237253096491547,0.6500000000000057,3.7,0.08000000000000007,Schematic internal layout
3DS-0154,SDContact4,3DS-0154 · SD-reader terminal004,Mainboard,gold,1,0.19237253096491547,0.6500000000000057,3.7,0.08000000000000007,Schematic internal layout
3DS-0155,SDContact5,3DS-0155 · SD-reader terminal005,Mainboard,gold,1,0.19237253096491547,0.6500000000000057,3.7,0.08000000000000007,Schematic internal layout
3DS-0156,SDContact6,3DS-0156 · SD-reader terminal006,Mainboard,gold,1,0.1923725309649155,0.6500000000000057,3.7,0.08000000000000007,Schematic internal layout
3DS-0157,SDContact7,3DS-0157 · SD-reader terminal007,Mainboard,gold,1,0.19237253096491547,0.6500000000000057,3.7,0.08000000000000007,Schematic internal layout
3DS-0158,SDContact8,3DS-0158 · SD-reader terminal008,Mainboard,gold,1,0.19237253096491547,0.6500000000000057,3.7,0.08000000000000007,Schematic internal layout
3DS-0159,Passive0,3DS-0159 · Surface-mount passive body,Mainboard,rubber,1,0.478121017612417,1.1500000000000057,0.7999999999999972,0.5200000000000005,Schematic internal layout
3DS-0160,Passive0End-1,3DS-0160 · Solder termination,Mainboard,metal,1,0.10868377209088231,0.23000000000000398,0.8599999999999994,0.5499999999999998,Schematic internal layout
3DS-0161,Passive0End1,3DS-0161 · Solder termination001,Mainboard,metal,1,0.1086837720908823,0.23000000000000398,0.8599999999999994,0.5499999999999998,Schematic internal layout
3DS-0162,Passive1,3DS-0162 · Surface-mount passive body001,Mainboard,rubber,1,0.478121017612417,1.1500000000000057,0.7999999999999972,0.5200000000000005,Schematic internal layout
3DS-0163,Passive1End-1,3DS-0163 · Solder termination002,Mainboard,metal,1,0.1086837720908823,0.23000000000000398,0.8599999999999994,0.5499999999999998,Schematic internal layout
3DS-0164,Passive1End1,3DS-0164 · Solder termination003,Mainboard,metal,1,0.10868377209088231,0.23000000000000398,0.8599999999999994,0.5499999999999998,Schematic internal layout
3DS-0165,Passive2,3DS-0165 · Surface-mount passive body002,Mainboard,rubber,1,0.4781210176124161,1.1499999999999986,0.7999999999999972,0.5200000000000005,Schematic internal layout
3DS-0166,Passive2End-1,3DS-0166 · Solder termination004,Mainboard,metal,1,0.1086837720908812,0.23000000000000398,0.8599999999999994,0.5499999999999998,Schematic internal layout
3DS-0167,Passive2End1,3DS-0167 · Solder termination005,Mainboard,metal,1,0.10868377209088124,0.23000000000000398,0.8599999999999994,0.5499999999999998,Schematic internal layout
3DS-0168,Passive3,3DS-0168 · Surface-mount passive body003,Mainboard,rubber,1,0.4781210176124161,1.1499999999999986,0.7999999999999972,0.5200000000000005,Schematic internal layout
3DS-0169,Passive3End-1,3DS-0169 · Solder termination006,Mainboard,metal,1,0.1086837720908812,0.23000000000000398,0.8599999999999994,0.5499999999999998,Schematic internal layout
3DS-0170,Passive3End1,3DS-0170 · Solder termination007,Mainboard,metal,1,0.10868377209088122,0.23000000000000398,0.8599999999999994,0.5499999999999998,Schematic internal layout
3DS-0171,Passive4,3DS-0171 · Surface-mount passive body004,Mainboard,rubber,1,0.47812101761241604,1.1500000000000021,0.7999999999999972,0.5200000000000005,Schematic internal layout
3DS-0172,Passive4End-1,3DS-0172 · Solder termination008,Mainboard,metal,1,0.10868377209088176,0.23000000000000043,0.8599999999999994,0.5499999999999998,Schematic internal layout
3DS-0173,Passive4End1,3DS-0173 · Solder termination009,Mainboard,metal,1,0.10868377209088176,0.23000000000000043,0.8599999999999994,0.5499999999999998,Schematic internal layout
3DS-0174,Passive5,3DS-0174 · Surface-mount passive body005,Mainboard,rubber,1,0.4781210176124163,1.1500000000000004,0.7999999999999972,0.5200000000000005,Schematic internal layout
3DS-0175,Passive5End-1,3DS-0175 · Solder termination010,Mainboard,metal,1,0.10868377209088177,0.23000000000000043,0.8599999999999994,0.5499999999999998,Schematic internal layout
3DS-0176,Passive5End1,3DS-0176 · Solder termination011,Mainboard,metal,1,0.10868377209088177,0.23000000000000043,0.8599999999999994,0.5499999999999998,Schematic internal layout
3DS-0177,Passive6,3DS-0177 · Surface-mount passive body006,Mainboard,rubber,1,0.4781210176124163,1.1500000000000004,0.7999999999999972,0.5200000000000005,Schematic internal layout
3DS-0178,Passive6End-1,3DS-0178 · Solder termination012,Mainboard,metal,1,0.10868377209088177,0.23000000000000043,0.8599999999999994,0.5499999999999998,Schematic internal layout
3DS-0179,Passive6End1,3DS-0179 · Solder termination013,Mainboard,metal,1,0.10868377209088177,0.23000000000000043,0.8599999999999994,0.5499999999999998,Schematic internal layout
3DS-0180,Passive7,3DS-0180 · Surface-mount passive body007,Mainboard,rubber,1,0.4781210176124161,1.1499999999999986,0.7999999999999972,0.5200000000000005,Schematic internal layout
3DS-0181,Passive7End-1,3DS-0181 · Solder termination014,Mainboard,metal,1,0.10868377209088124,0.23000000000000398,0.8599999999999994,0.5499999999999998,Schematic internal layout
3DS-0182,Passive7End1,3DS-0182 · Solder termination015,Mainboard,metal,1,0.10868377209088123,0.23000000000000398,0.8599999999999994,0.5499999999999998,Schematic internal layout
3DS-0183,Passive8,3DS-0183 · Surface-mount passive body008,Mainboard,rubber,1,0.478121017612417,1.1500000000000057,0.7999999999999972,0.5200000000000005,Schematic internal layout
3DS-0184,Passive8End-1,3DS-0184 · Solder termination016,Mainboard,metal,1,0.10868377209088231,0.23000000000000398,0.8599999999999994,0.5499999999999998,Schematic internal layout
3DS-0185,Passive8End1,3DS-0185 · Solder termination017,Mainboard,metal,1,0.1086837720908823,0.23000000000000398,0.8599999999999994,0.5499999999999998,Schematic internal layout
3DS-0186,Passive9,3DS-0186 · Surface-mount passive body009,Mainboard,rubber,1,0.478121017612417,1.1500000000000057,0.7999999999999972,0.5200000000000005,Schematic internal layout
3DS-0187,Passive9End-1,3DS-0187 · Solder termination018,Mainboard,metal,1,0.1086837720908823,0.23000000000000398,0.8599999999999994,0.5499999999999998,Schematic internal layout
3DS-0188,Passive9End1,3DS-0188 · Solder termination019,Mainboard,metal,1,0.10868377209088231,0.23000000000000398,0.8599999999999994,0.5499999999999998,Schematic internal layout
3DS-0189,Passive10,3DS-0189 · Surface-mount passive body010,Mainboard,rubber,1,0.4781210176124161,1.1499999999999986,0.7999999999999972,0.5200000000000005,Schematic internal layout
3DS-0190,Passive10End-1,3DS-0190 · Solder termination020,Mainboard,metal,1,0.10868377209088126,0.23000000000000398,0.8599999999999994,0.5499999999999998,Schematic internal layout
3DS-0191,Passive10End1,3DS-0191 · Solder termination021,Mainboard,metal,1,0.10868377209088124,0.23000000000000398,0.8599999999999994,0.5499999999999998,Schematic internal layout
3DS-0192,Passive11,3DS-0192 · Surface-mount passive body011,Mainboard,rubber,1,0.478121017612417,1.1500000000000057,0.7999999999999972,0.5200000000000005,Schematic internal layout
3DS-0193,Passive11End-1,3DS-0193 · Solder termination022,Mainboard,metal,1,0.1086837720908823,0.23000000000000398,0.8599999999999994,0.5499999999999998,Schematic internal layout
3DS-0194,Passive11End1,3DS-0194 · Solder termination023,Mainboard,metal,1,0.1086837720908823,0.23000000000000398,0.8599999999999994,0.5499999999999998,Schematic internal layout
3DS-0195,Passive12,3DS-0195 · Surface-mount passive body012,Mainboard,rubber,1,0.478121017612417,1.1500000000000057,0.7999999999999972,0.5200000000000005,Schematic internal layout
3DS-0196,Passive12End-1,3DS-0196 · Solder termination024,Mainboard,metal,1,0.10868377209088231,0.23000000000000398,0.8599999999999994,0.5499999999999998,Schematic internal layout
3DS-0197,Passive12End1,3DS-0197 · Solder termination025,Mainboard,metal,1,0.10868377209088231,0.23000000000000398,0.8599999999999994,0.5499999999999998,Schematic internal layout
3DS-0198,Passive13,3DS-0198 · Surface-mount passive body013,Mainboard,rubber,1,0.478121017612417,1.1500000000000057,0.7999999999999972,0.5200000000000005,Schematic internal layout
3DS-0199,Passive13End-1,3DS-0199 · Solder termination026,Mainboard,metal,1,0.10868377209088231,0.23000000000000398,0.8599999999999994,0.5499999999999998,Schematic internal layout
3DS-0200,Passive13End1,3DS-0200 · Solder termination027,Mainboard,metal,1,0.1086837720908823,0.23000000000000398,0.8599999999999994,0.5499999999999998,Schematic internal layout
3DS-0201,Passive14,3DS-0201 · Surface-mount passive body014,Mainboard,rubber,1,0.4781210176124168,1.1499999999999986,0.8000000000000007,0.5200000000000005,Schematic internal layout
3DS-0202,Passive14End-1,3DS-0202 · Solder termination028,Mainboard,metal,1,0.10868377209088126,0.23000000000000398,0.8599999999999994,0.5499999999999998,Schematic internal layout
3DS-0203,Passive14End1,3DS-0203 · Solder termination029,Mainboard,metal,1,0.10868377209088123,0.23000000000000398,0.8599999999999994,0.5499999999999998,Schematic internal layout
3DS-0204,Passive15,3DS-0204 · Surface-mount passive body015,Mainboard,rubber,1,0.4781210176124168,1.1500000000000021,0.8000000000000007,0.5200000000000005,Schematic internal layout
3DS-0205,Passive15End-1,3DS-0205 · Solder termination030,Mainboard,metal,1,0.10868377209088179,0.23000000000000043,0.8599999999999994,0.5499999999999998,Schematic internal layout
3DS-0206,Passive15End1,3DS-0206 · Solder termination031,Mainboard,metal,1,0.10868377209088176,0.23000000000000043,0.8599999999999994,0.5499999999999998,Schematic internal layout
3DS-0207,Passive16,3DS-0207 · Surface-mount passive body016,Mainboard,rubber,1,0.47812101761241704,1.1500000000000004,0.8000000000000007,0.5200000000000005,Schematic internal layout
3DS-0208,Passive16End-1,3DS-0208 · Solder termination032,Mainboard,metal,1,0.10868377209088179,0.23000000000000043,0.8599999999999994,0.5499999999999998,Schematic internal layout
3DS-0209,Passive16End1,3DS-0209 · Solder termination033,Mainboard,metal,1,0.10868377209088177,0.23000000000000043,0.8599999999999994,0.5499999999999998,Schematic internal layout
3DS-0210,Passive17,3DS-0210 · Surface-mount passive body017,Mainboard,rubber,1,0.47812101761241704,1.1500000000000004,0.8000000000000007,0.5200000000000005,Schematic internal layout
3DS-0211,Passive17End-1,3DS-0211 · Solder termination034,Mainboard,metal,1,0.10868377209088177,0.23000000000000043,0.8599999999999994,0.5499999999999998,Schematic internal layout
3DS-0212,Passive17End1,3DS-0212 · Solder termination035,Mainboard,metal,1,0.10868377209088177,0.23000000000000043,0.8599999999999994,0.5499999999999998,Schematic internal layout
3DS-0213,Passive18,3DS-0213 · Surface-mount passive body018,Mainboard,rubber,1,0.4781210176124169,1.1500000000000004,0.8000000000000007,0.5200000000000005,Schematic internal layout
3DS-0214,Passive18End-1,3DS-0214 · Solder termination036,Mainboard,metal,1,0.10868377209088177,0.23000000000000043,0.8599999999999994,0.5499999999999998,Schematic internal layout
3DS-0215,Passive18End1,3DS-0215 · Solder termination037,Mainboard,metal,1,0.10868377209088123,0.23000000000000398,0.8599999999999994,0.5499999999999998,Schematic internal layout
3DS-0216,Passive19,3DS-0216 · Surface-mount passive body019,Mainboard,rubber,1,0.478121017612416,1.1499999999999986,0.7999999999999972,0.5200000000000005,Schematic internal layout
3DS-0217,Passive19End-1,3DS-0217 · Solder termination038,Mainboard,metal,1,0.10868377209088122,0.23000000000000398,0.8599999999999994,0.5499999999999998,Schematic internal layout
3DS-0218,Passive19End1,3DS-0218 · Solder termination039,Mainboard,metal,1,0.10868377209088123,0.23000000000000398,0.8599999999999994,0.5499999999999998,Schematic internal layout
3DS-0219,Passive20,3DS-0219 · Surface-mount passive body020,Mainboard,rubber,1,0.47812101761241677,1.1499999999999986,0.8000000000000007,0.5200000000000005,Schematic internal layout
3DS-0220,Passive20End-1,3DS-0220 · Solder termination040,Mainboard,metal,1,0.10868377209088124,0.23000000000000398,0.8599999999999994,0.5499999999999998,Schematic internal layout
3DS-0221,Passive20End1,3DS-0221 · Solder termination041,Mainboard,metal,1,0.10868377209088123,0.23000000000000398,0.8599999999999994,0.5499999999999998,Schematic internal layout
3DS-0222,Passive21,3DS-0222 · Surface-mount passive body021,Mainboard,rubber,1,0.47812101761241677,1.1499999999999986,0.8000000000000007,0.5200000000000005,Schematic internal layout
3DS-0223,Passive21End-1,3DS-0223 · Solder termination042,Mainboard,metal,1,0.10868377209088123,0.23000000000000398,0.8599999999999994,0.5499999999999998,Schematic internal layout
3DS-0224,Passive21End1,3DS-0224 · Solder termination043,Mainboard,metal,1,0.10868377209088123,0.23000000000000398,0.8599999999999994,0.5499999999999998,Schematic internal layout
3DS-0225,Passive22,3DS-0225 · Surface-mount passive body022,Mainboard,rubber,1,0.478121017612416,1.1499999999999986,0.7999999999999972,0.5200000000000005,Schematic internal layout
3DS-0226,Passive22End-1,3DS-0226 · Solder termination044,Mainboard,metal,1,0.10868377209088123,0.23000000000000398,0.8599999999999994,0.5499999999999998,Schematic internal layout
3DS-0227,Passive22End1,3DS-0227 · Solder termination045,Mainboard,metal,1,0.10868377209088123,0.23000000000000398,0.8599999999999994,0.5499999999999998,Schematic internal layout
3DS-0228,CirclePadHousing,3DS-0228 · Circle Pad mechanism housing,Internal,black,1,523.7820351697583,17.400000000000006,17.4,2.5,Schematic internal layout
3DS-0229,CirclePadBearing,3DS-0229 · Circle Pad sliding bearing,Internal,metal,1,28.451048469072568,12.200000000000003,12.200000000000001,0.3000000000000007,Schematic internal layout
3DS-0230,CirclePadPCB,3DS-0230 · Circle Pad sensor PCB001,Internal,pcb,1,152.24045636083488,19.0,19.0,0.4500000000000002,Schematic internal layout
3DS-0231,CirclePadSensor0,3DS-0231 · Analog position sensor study,Internal,rubber,1,14.33561944901924,10.0,1.2000000000000028,1.1999999999999993,Schematic internal layout
3DS-0232,CirclePadSensor1,3DS-0232 · Analog position sensor study001,Internal,rubber,1,14.335619449019244,1.2000000000000028,10.0,1.1999999999999993,Schematic internal layout
3DS-0233,DPadRubber0,3DS-0233 · Button silicone cup,Internal,rubber,1,15.707963267948973,5.0,5.0,0.8000000000000007,Schematic internal layout
3DS-0234,DPadPill0,3DS-0234 · Button contact pill,Internal,black,1,1.2076282160399168,3.0999999999999943,3.1000000000000005,0.16000000000000014,Schematic internal layout
3DS-0235,DPadGoldPad0,3DS-0235 · PCB button contact,Internal,gold,1,0.7261398719691095,4.099999999999994,4.099999999999999,0.054999999999999716,Schematic internal layout
3DS-0236,DPadRubber1,3DS-0236 · Button silicone cup001,Internal,rubber,1,15.707963267948971,5.0,5.0,0.8000000000000007,Schematic internal layout
3DS-0237,DPadPill1,3DS-0237 · Button contact pill001,Internal,black,1,1.207628216039917,3.0999999999999943,3.1000000000000014,0.16000000000000014,Schematic internal layout
3DS-0238,DPadGoldPad1,3DS-0238 · PCB button contact001,Internal,gold,1,0.7261398719691095,4.099999999999994,4.100000000000001,0.054999999999999716,Schematic internal layout
3DS-0239,DPadRubber2,3DS-0239 · Button silicone cup002,Internal,rubber,1,15.707963267948971,5.0,5.0,0.8000000000000007,Schematic internal layout
3DS-0240,DPadPill2,3DS-0240 · Button contact pill002,Internal,black,1,1.2076282160399168,3.0999999999999943,3.1000000000000014,0.16000000000000014,Schematic internal layout
3DS-0241,DPadGoldPad2,3DS-0241 · PCB button contact002,Internal,gold,1,0.7261398719691093,4.099999999999994,4.100000000000001,0.054999999999999716,Schematic internal layout
3DS-0242,DPadRubber3,3DS-0242 · Button silicone cup003,Internal,rubber,1,15.707963267948971,5.0,5.0,0.8000000000000007,Schematic internal layout
3DS-0243,DPadPill3,3DS-0243 · Button contact pill003,Internal,black,1,1.2076282160399168,3.0999999999999943,3.1000000000000014,0.16000000000000014,Schematic internal layout
3DS-0244,DPadGoldPad3,3DS-0244 · PCB button contact003,Internal,gold,1,0.7261398719691095,4.099999999999994,4.100000000000001,0.054999999999999716,Schematic internal layout
3DS-0245,FaceRubber0,3DS-0245 · Button silicone cup008,Internal,rubber,1,13.244954627534572,5.0,5.0,0.8000000000000007,Schematic internal layout
3DS-0246,FacePill0,3DS-0246 · Button contact pill004,Internal,black,1,1.2076282160399168,3.0999999999999943,3.1000000000000014,0.16000000000000014,Schematic internal layout
3DS-0247,FaceGoldPad0,3DS-0247 · PCB button contact004,Internal,gold,1,0.7261398719691095,4.099999999999994,4.100000000000001,0.054999999999999716,Schematic internal layout
3DS-0248,FaceRubber1,3DS-0248 · Button silicone cup009,Internal,rubber,1,13.244954627534572,5.0,5.0,0.8000000000000007,Schematic internal layout
3DS-0249,FacePill1,3DS-0249 · Button contact pill005,Internal,black,1,1.2076282160399168,3.0999999999999943,3.0999999999999996,0.16000000000000014,Schematic internal layout
3DS-0250,FaceGoldPad1,3DS-0250 · PCB button contact005,Internal,gold,1,0.7261398719691095,4.099999999999994,4.1,0.054999999999999716,Schematic internal layout
3DS-0251,FaceRubber2,3DS-0251 · Button silicone cup010,Internal,rubber,1,13.244954627534572,5.0,5.0,0.8000000000000007,Schematic internal layout
3DS-0252,FacePill2,3DS-0252 · Button contact pill006,Internal,black,1,1.2076282160399168,3.0999999999999943,3.0999999999999996,0.16000000000000014,Schematic internal layout
3DS-0253,FaceGoldPad2,3DS-0253 · PCB button contact006,Internal,gold,1,0.7261398719691095,4.099999999999994,4.1,0.054999999999999716,Schematic internal layout
3DS-0254,FaceRubber3,3DS-0254 · Button silicone cup011,Internal,rubber,1,13.244954627534574,5.0,5.0,0.8000000000000007,Schematic internal layout
3DS-0255,FacePill3,3DS-0255 · Button contact pill007,Internal,black,1,1.207628216039917,3.0999999999999943,3.0999999999999996,0.16000000000000014,Schematic internal layout
3DS-0256,FaceGoldPad3,3DS-0256 · PCB button contact007,Internal,gold,1,0.7261398719691095,4.099999999999994,4.1,0.054999999999999716,Schematic internal layout
3DS-0257,InnerCameraPCB,3DS-0257 · Camera sensor board003,LidInternal,pcb,1,11.067479632679483,5.600000000000001,4.797683456428388,2.072296959209684,Schematic internal layout
3DS-0258,InnerCameraSensor,3DS-0258 · Camera sensor package,LidInternal,black,1,11.693391570045316,4.1,4.0921538455502,2.0600674221853765,Schematic internal layout
3DS-0259,OuterLeftCameraPCB,3DS-0259 · Camera sensor board001,LidInternal,pcb,1,12.45815926535898,5.600000000000001,5.399086733731352,2.2911898509381103,Schematic internal layout
3DS-0260,OuterLeftCameraSensor,3DS-0260 · Camera sensor package001,LidInternal,black,1,11.693391570045327,4.100000000000001,4.0921538455502,2.06006742218538,Schematic internal layout
3DS-0261,OuterRightCameraPCB,3DS-0261 · Camera sensor board002,LidInternal,pcb,1,12.45815926535898,5.600000000000001,5.399086733731352,2.2911898509381103,Schematic internal layout
3DS-0262,OuterRightCameraSensor,3DS-0262 · Camera sensor package002,LidInternal,black,1,11.693391570045328,4.100000000000001,4.0921538455502,2.06006742218538,Schematic internal layout
3DS-0263,CameraFlex,3DS-0263 · Shared camera flexible circuit,LidInternal,copper,1,10.199046900494105,42.0,2.5679518890212734,1.0080267228500404,Schematic internal layout
3DS-0264,SpeakerFlex-1,3DS-0264 · Upper speaker flexible circuit,LidInternal,copper,1,7.689819467105847,37.0,2.4705624255094207,0.9644277823096132,Schematic internal layout
3DS-0265,SpeakerFlex1,3DS-0265 · Upper speaker flexible circuit001,LidInternal,copper,1,7.689819467105847,37.0,2.4705624255094207,0.9644277823096132,Schematic internal layout
3DS-0266,UpperAntenna,3DS-0266 · Upper wireless antenna strip,LidInternal,gold,1,6.892274333882309,23.0,2.8532798766903085,1.1200296920555992,Schematic internal layout
3DS-0267,UpperLCDDriver,3DS-0267 · Upper LCD driver flex,LidInternal,copper,1,19.732274333882298,47.0,3.980911021633382,1.5304538640464003,Schematic internal layout
3DS-0268,LowerLCDFlex,3DS-0268 · Lower display ribbon,Internal,copper,1,14.39463495408492,18.0,8.0,0.09999999999999964,Schematic internal layout
3DS-0269,CirclePadFlex,3DS-0269 · Circle Pad flex tail,Internal,copper,1,5.24463495408493,3.5,15.0,0.09999999999999964,Schematic internal layout
3DS-0270,SDFlex,3DS-0270 · SD-reader flex tail,Internal,copper,1,4.473819467105849,8.0,7.0,0.08000000000000007,Schematic internal layout
3DS-0271,BatteryFlex,3DS-0271 · Battery terminal interconnect,Internal,copper,1,1.994634954084934,4.0,5.0,0.09999999999999964,Schematic internal layout
3DS-0272,HingeFlex,3DS-0272 · Rolled hinge flex routing study,Internal,copper,1,19.594113380439445,18.0,2.4599999999999937,2.460000000000001,Schematic internal layout
3DS-0273,BoardPost0,3DS-0273 · Mainboard support post,Internal,shell,1,19.352210746113116,3.0,3.0,3.5000000000000004,Schematic internal layout
3DS-0274,BoardScrew0,3DS-0274 · Cross-head fastener004,Internal,metal,1,6.3300987822707855,2.5,2.5,4.33,Schematic internal layout
3DS-0275,BoardPost1,3DS-0275 · Mainboard support post001,Internal,shell,1,19.35221074611312,3.0,3.0,3.5000000000000004,Schematic internal layout
3DS-0276,BoardScrew1,3DS-0276 · Cross-head fastener005,Internal,metal,1,6.330098782270787,2.5,2.5,4.33,Schematic internal layout
3DS-0277,BoardPost2,3DS-0277 · Mainboard support post002,Internal,shell,1,19.35221074611312,3.0,3.0,3.5000000000000004,Schematic internal layout
3DS-0278,BoardScrew2,3DS-0278 · Cross-head fastener006,Internal,metal,1,6.330098782270786,2.5,2.5,4.33,Schematic internal layout
3DS-0279,BoardPost3,3DS-0279 · Mainboard support post003,Internal,shell,1,19.352210746113116,3.0,3.0,3.5000000000000004,Schematic internal layout
3DS-0280,BoardScrew3,3DS-0280 · Cross-head fastener007,Internal,metal,1,6.330098782270788,2.5,2.5,4.33,Schematic internal layout
3DS-0281,BoardPost4,3DS-0281 · Mainboard support post004,Internal,shell,1,19.352210746113116,3.0,3.0,3.5000000000000004,Schematic internal layout
3DS-0282,BoardScrew4,3DS-0282 · Cross-head fastener008,Internal,metal,1,6.330098782270788,2.5,2.5,4.33,Schematic internal layout
3DS-0283,BoardPost5,3DS-0283 · Mainboard support post005,Internal,shell,1,19.352210746113123,3.0,3.0,3.5000000000000004,Schematic internal layout
3DS-0284,BoardScrew5,3DS-0284 · Cross-head fastener009,Internal,metal,1,6.330098782270788,2.5,2.5,4.33,Schematic internal layout
3DS-0285,BoardPost6,3DS-0285 · Mainboard support post006,Internal,shell,1,19.352210746113116,3.0,3.0,3.5000000000000004,Schematic internal layout
3DS-0286,BoardScrew6,3DS-0286 · Cross-head fastener010,Internal,metal,1,6.330098782270788,2.5,2.5,4.33,Schematic internal layout
3DS-0287,EMIShield,3DS-0287 · Lower EMI shield layout001,Internal,metal,1,745.6796850762294,72.0,54.0,0.2200000000000002,Schematic internal layout
3DS-0288,LidPost0,3DS-0288 · Upper display mounting post,LidInternal,shell,1,15.328458875395329,2.9000000000000057,3.7511690302561362,3.810936278002167,Schematic internal layout
3DS-0289,LidScrew0,3DS-0289 · Cross-head fastener011,LidInternal,metal,1,4.9471958475994064,2.3599999999999994,2.830373794689109,3.7448126852032804,Schematic internal layout
3DS-0290,LidPost1,3DS-0290 · Upper display mounting post001,LidInternal,shell,1,15.328458875395329,2.9000000000000057,3.7511690302561362,3.810936278002167,Schematic internal layout
3DS-0291,LidScrew1,3DS-0291 · Cross-head fastener012,LidInternal,metal,1,4.9471958475994064,2.3599999999999994,2.830373794689109,3.7448126852032804,Schematic internal layout
3DS-0292,LidPost2,3DS-0292 · Upper display mounting post002,LidInternal,shell,1,15.32845887539532,2.9000000000000057,3.7511690302561362,3.8109362780021705,Schematic internal layout
3DS-0293,LidScrew2,3DS-0293 · Cross-head fastener013,LidInternal,metal,1,4.947195847599404,2.3599999999999994,2.830373794689109,3.7448126852032786,Schematic internal layout
3DS-0294,LidPost3,3DS-0294 · Upper display mounting post003,LidInternal,shell,1,15.328458875395315,2.8999999999999986,3.7511690302561362,3.8109362780021705,Schematic internal layout
3DS-0295,LidScrew3,3DS-0295 · Cross-head fastener014,LidInternal,metal,1,4.947195847599402,2.3599999999999994,2.830373794689109,3.7448126852032786,Schematic internal layout
3DS-0296,LidPost4,3DS-0296 · Upper display mounting post004,LidInternal,shell,1,15.328458875395318,2.8999999999999986,3.7511690302561362,3.8109362780021705,Schematic internal layout
3DS-0297,LidScrew4,3DS-0297 · Cross-head fastener015,LidInternal,metal,1,4.947195847599402,2.3599999999999994,2.830373794689109,3.7448126852032786,Schematic internal layout
3DS-0298,LidPost5,3DS-0298 · Upper display mounting post005,LidInternal,shell,1,15.32845887539532,2.9000000000000057,3.7511690302561362,3.8109362780021705,Schematic internal layout
3DS-0299,LidScrew5,3DS-0299 · Cross-head fastener016,LidInternal,metal,1,4.947195847599404,2.3599999999999994,2.830373794689109,3.7448126852032786,Schematic internal layout
3DS-0300,MicrophonePCB,3DS-0300 · Microphone PCB,Internal,pcb,1,10.461371669411545,4.200000000000003,5.0,0.5,Schematic internal layout
3DS-0301,MicrophoneCapsule,3DS-0301 · Microphone capsule,Internal,metal,1,7.775441817634735,3.0,3.0,1.0999999999999996,Schematic internal layout
3DS-0302,LowerScreenFoam-1,3DS-0302 · Lower LCD side foam,Internal,black,1,12.891415926535906,1.2000000000000028,43.0,0.25,Schematic internal layout
3DS-0303,UpperScreenFoam-1,3DS-0303 · Upper LCD side foam,LidInternal,black,1,13.641415926535904,1.3000000000000114,39.55259510883956,14.59976917487457,Schematic internal layout
3DS-0304,LowerScreenFoam1,3DS-0304 · Lower LCD side foam001,Internal,black,1,12.891415926535906,1.2000000000000028,43.0,0.25,Schematic internal layout
3DS-0305,UpperScreenFoam1,3DS-0305 · Upper LCD side foam001,LidInternal,black,1,13.641415926535906,1.3000000000000114,39.55259510883956,14.59976917487457,Schematic internal layout
3DS-0306,OuterLeftCameraBarrel,3DS-0306 · Outer camera optical barrel,LidInternal,black,1,2.985769657971743,3.0,3.0448111569526617,1.6462575596957123,Schematic internal layout
3DS-0307,OuterRightCameraBarrel,3DS-0307 · Outer camera optical barrel001,LidInternal,black,1,2.985769657971743,3.0,3.0448111569526617,1.6462575596957123,Schematic internal layout
3DS-0308,InnerCameraBarrel,3DS-0308 · Inner camera optical barrel,LidInternal,black,1,1.9905131053144878,3.0,2.9695667254210036,1.4395251831228038,Schematic internal layout
3DS-0309,LidBumper-1,3DS-0309 · Lid rubber bumper,Lid,rubber,1,0.872530964914874,3.0,1.4779429598440004,0.7009687391456865,Published envelope; approximate local detail
3DS-0310,LidBumper1,3DS-0310 · Lid rubber bumper001,Lid,rubber,1,0.8725309649148739,3.0,1.4779429598440004,0.7009687391456865,Published envelope; approximate local detail
3DS-0311,CradleBase,3DS-0311 · Charging cradle base006,Cradle,black,1,41875.347767363295,144.0,84.0,6.0,Published envelope; approximate local detail
3DS-0312,CradleRearBar,3DS-0312 · Cradle rear contact support005,Cradle,black,1,7767.147942339658,122.0,5.800000000000011,12.000000000000002,Published envelope; approximate local detail
3DS-0313,CradleContactCarrier,3DS-0313 · Cradle passive contact carrier003,Cradle,rubber,1,232.64872300526423,20.0,2.0,5.999999999999999,Published envelope; approximate local detail
3DS-0314,CradleContact0,3DS-0314 · Cradle gold spring contact,Cradle,gold,1,0.8587194671058557,1.5500000000000043,0.18000000000000682,3.1000000000000014,Published envelope; approximate local detail
3DS-0315,CradleSpring0,3DS-0315 · Charging contact spring,Cradle,metal,1,0.23552478568206947,1.1400044497146915,2.1259599316349806,1.1400037348849335,Schematic internal layout
3DS-0316,CradleContact1,3DS-0316 · Cradle gold spring contact001,Cradle,gold,1,0.8587194671058556,1.5500000000000114,0.18000000000000682,3.1000000000000014,Published envelope; approximate local detail
3DS-0317,CradleSpring1,3DS-0317 · Charging contact spring001,Cradle,metal,1,0.23552478568206953,1.140004449714688,2.1259599316349806,1.1400037348849335,Schematic internal layout
3DS-0318,CradleChargeJack,3DS-0318 · Cradle charging socket,Cradle,metal,1,75.73064127613789,8.1,5.0,3.5000000000000018,Published envelope; approximate local detail
3DS-0319,CradleFoot0,3DS-0319 · Cradle rubber foot,Cradle,rubber,1,6.145486677646162,7.0,5.0,0.18,Published envelope; approximate local detail
3DS-0320,CradleFoot1,3DS-0320 · Cradle rubber foot001,Cradle,rubber,1,6.145486677646162,7.0,5.0,0.18,Published envelope; approximate local detail
3DS-0321,CradleFoot2,3DS-0321 · Cradle rubber foot002,Cradle,rubber,1,6.145486677646161,7.0,5.0,0.18,Published envelope; approximate local detail
3DS-0322,CradleFoot3,3DS-0322 · Cradle rubber foot003,Cradle,rubber,1,6.145486677646161,7.0,5.0,0.18,Published envelope; approximate local detail
3DS-0323,CradleSupportPad-1,3DS-0323 · Cradle console support pad,Cradle,rubber,1,25.028318530717968,18.0,7.0,0.20000000000000018,Published envelope; approximate local detail
3DS-0324,CradleSupportPad1,3DS-0324 · Cradle console support pad001,Cradle,rubber,1,25.028318530717968,18.0,7.0,0.20000000000000018,Published envelope; approximate local detail
